shrimp,almonds,avocado,vegetables mix,green grapes,whole weat flour,yams,cottage cheese,energy drink,tomato juice,low fat yogurt,green tea,honey,salad,mineral water,salmon,antioxydant juice,frozen smoothie,spinach,olive oil
cookies
cookies
shrimp,frozen vegetables,whole wheat pasta,milk,chicken,whole wheat rice,ham
milk
milk,energy bar,eggs,frozen smoothie,mint
hot dogs
frozen vegetables,salmon
shrimp,spaghetti,mineral water,chocolate,salmon,eggs,whole wheat rice,frozen smoothie,asparagus
eggs
olive oil,hot dogs
shrimp,mineral water,meatballs,olive oil
meatballs
spaghetti,mineral water,chili,chocolate,escalope
cookies
french fries,frozen smoothie
frozen vegetables,mineral water
green tea,french fries,escalope,shallot
fresh tuna,spaghetti,mineral water,salmon
olive oil
shrimp,frozen vegetables,mineral water,eggs,chocolate,cottage cheese,low fat yogurt
avocado,frozen smoothie,low fat yogurt
mineral water,eggs
cookies
eggs,french fries
ham,spaghetti,eggs,frozen smoothie,magazines
burgers,eggs
spaghetti,oil,cooking oil,white wine
frozen vegetables,spaghetti,brownies,fresh bread
shrimp,green tea
frozen vegetables,ground beef,mineral water,milk,olive oil,pancakes,eggs,cooking oil,chocolate
corn
burgers,flax seed,eggs,green tea
herb & pepper,spaghetti,cooking oil,toothpaste
cookies,hot dogs,green tea
cookies
eggs,french fries,brownies,green tea
mineral water,energy bar,chocolate,low fat yogurt
ground beef,whole wheat rice,mint
milk
pepper,green tea
red wine,shrimp,frozen vegetables,eggs,rice,green tea
fresh bread,white wine
chocolate,spaghetti,mineral water,soup,butter,eggs,low fat yogurt
ham,mineral water,spinach,cooking oil,french fries,protein bar
eggs
chocolate,milk,eggs,oatmeal,french fries
eggs
spaghetti,eggs
turkey,mineral water
low fat yogurt
pepper,chocolate,blueberries,oil,fresh bread,low fat yogurt
mineral water,soup,muffins,pet food,eggplant,low fat yogurt
milk,salmon,whole weat flour,chocolate,low fat yogurt
olive oil,zucchini
salmon,whole wheat rice
shrimp,mineral water,pancakes,clothes accessories,champagne,protein bar
pepper,milk,oil
burgers,meatballs,eggs,french fries
spaghetti,chocolate,cake,fresh bread,white wine
turkey,whole wheat rice,chicken
pancakes,eggs,champagne
eggs,eggplant,french fries
escalope
brownies
flax seed,green tea,fresh bread
cookies
ham,pepper,spaghetti,strawberries,white wine
mineral water,salmon,frozen smoothie,cottage cheese
dessert wine,herb & pepper,tomatoes,yams,mineral water,cake,cooking oil
turkey,ground beef,eggs,burger sauce,chicken,barbecue sauce,cereals,fresh bread
chocolate,mineral water,eggs,light cream,bug spray,burger sauce,chicken
turkey,fresh tuna,shrimp,spaghetti
tomatoes,milk,almonds
ground beef,spaghetti,mineral water,eggs,chocolate,white wine,low fat yogurt
tomatoes,spaghetti
grated cheese,red wine,spaghetti,mineral water,olive oil,vegetables mix,extra dark chocolate,green tea
spaghetti,olive oil,flax seed,bug spray
cake,cottage cheese,green tea
burgers,tomatoes,olive oil,protein bar,shampoo
fromage blanc,mushroom cream sauce,low fat yogurt
fresh bread
ham,mineral water,olive oil,oil,carrots,cottage cheese,fresh bread
cake
burgers,ground beef,spaghetti,mineral water,avocado,french fries,brownies,green tea
tomatoes,ground beef,mineral water,muffins,escalope,protein bar
salmon
shrimp,frozen vegetables,green tea
spaghetti,milk,olive oil,french fries,escalope,hot dogs
turkey,green grapes,champagne,strawberries,green tea
burgers
herb & pepper,spaghetti,milk,energy bar,eggs,light cream,cooking oil,cereals,chocolate,frozen smoothie
red wine,spaghetti,olive oil,cake,fresh bread
milk,cooking oil,chicken,chocolate,escalope,mushroom cream sauce,cottage cheese
energy bar
mineral water
eggs
frozen vegetables,chocolate,strawberries
mineral water,milk,olive oil,black tea,light mayo
french fries
turkey,milk,energy bar,whole wheat rice,yogurt cake,light mayo
burgers,cream,chicken,cookies
fresh bread
milk
tomato sauce,oil,clothes accessories
burgers,butter
milk,pancakes
grated cheese,spaghetti
soup,barbecue sauce,cookies
turkey,burgers,whole wheat pasta,mineral water,milk,whole wheat rice,cake,cooking oil,frozen smoothie,brownies,fresh bread,honey
turkey,vegetables mix,gums,green tea
soup,fromage blanc,eggs,cake,carrots,frozen smoothie
dessert wine,burgers,cake,frozen smoothie,toothpaste
grated cheese,eggplant,cereals
energy drink
muffins
energy drink
milk,green tea
salmon,green tea
eggs,cookies,green tea
cake,french fries
grated cheese,herb & pepper,shrimp,ground beef,spaghetti,mineral water,eggs,light cream,rice,oil,brownies,melons,salad
soup,chocolate,candy bars
herb & pepper,shrimp,ground beef,chocolate,milk,olive oil,vegetables mix,rice,oil,frozen smoothie,brownies,white wine
milk,chocolate,babies food
chocolate,spaghetti,mineral water,soup,muffins,eggs,chicken,french fries,fresh bread,mint
protein bar
tomatoes,whole weat flour,green tea,fresh bread,white wine
green tea,pancakes
frozen vegetables,whole wheat pasta,milk,french fries,mushroom cream sauce
chocolate bread,hand protein bar
grated cheese,pepper,spaghetti,escalope
fresh bread,white wine
spaghetti,eggs,eggplant
milk,butter,pancakes,eggs
turkey,grated cheese,tomatoes
yogurt cake
burgers,honey,escalope
oil
frozen vegetables,tomatoes,french fries,escalope,sparkling water
shrimp,spaghetti,mineral water
fresh bread
mineral water,eggs
green tea
frozen vegetables,low fat yogurt
cookies
escalope
cookies,water spray
mashed potato
eggs,cooking oil,low fat yogurt
cake
mineral water,avocado
parmesan cheese,ground beef,spaghetti,blueberries,rice,oil,cooking oil,green tea,chocolate,protein bar
mineral water
milk,eggs
ground beef,spaghetti,mineral water,milk,eggs,strawberries,toothpaste
cake
cookies
burgers
frozen vegetables,spaghetti,milk,cider,french fries
turkey,shrimp,frozen vegetables,mineral water,chocolate,olive oil,honey
eggs
turkey,tomatoes,spaghetti,mineral water
burgers,spaghetti,low fat yogurt,green tea
mineral water,eggs
mineral water,cookies
mineral water,salmon
fresh tuna,tomatoes,tomato sauce,spaghetti,chocolate,eggs,honey,oil,eggplant,french fries
mineral water,milk,honey,low fat yogurt
herb & pepper,shrimp,tomatoes,milk,eggs,light cream,cooking oil,chili,chocolate
pancakes,eggs,french fries
french fries,brownies
mineral water,milk,energy bar,barbecue sauce,chocolate,low fat yogurt
fresh tuna,tomatoes,mineral water,eggs,honey,low fat yogurt
soup,milk,bacon,whole wheat rice,cooking oil,chicken,ketchup,salt,magazines
chocolate
meatballs,green tea
grated cheese,spaghetti
grated cheese,pepper,green tea
turkey,spaghetti,mineral water,oil,mint green tea,energy drink
chicken,french fries
frozen vegetables,whole wheat pasta,ground beef,spaghetti,milk,eggs,green tea
eggs
shrimp,spaghetti,mineral water,cooking oil,escalope,low fat yogurt
turkey,burgers,ground beef,milk,bacon,eggs,whole wheat rice,blueberries,cooking oil,green tea
olive oil
turkey,tomatoes,eggs,chocolate
burgers,shrimp,pasta,frozen vegetables,mineral water,chocolate,energy drink,protein bar,low fat yogurt
burgers,eggs,french fries,energy drink
almonds,eggs,cooking oil,french fries,green tea
light mayo
frozen vegetables,whole wheat pasta,carrots,antioxydant juice,french fries
tomatoes,mineral water,meatballs,chicken,pancakes,eggs,whole wheat rice
shrimp,frozen vegetables,parmesan cheese,avocado,chicken,eggs,chocolate,frozen smoothie
red wine,tomatoes,spaghetti,chocolate,chicken,bacon,pancakes,cake,rice,cooking oil,eggplant,green tea,tea,toothpaste
spaghetti,mineral water,soup,cider,chutney,eggs,whole wheat rice,pet food,green tea
fresh tuna,herb & pepper,spaghetti,low fat yogurt
fresh tuna,eggs
chocolate,escalope,pasta,honey
fresh bread
herb & pepper,ground beef,cooking oil,chocolate,french fries
turkey,red wine
ham,shrimp,spaghetti,cookies
mineral water,soup,bacon,cake,light cream,eggplant,brownies
burgers,spaghetti,eggs,french fries
burgers,spaghetti
eggs,french fries
ground beef,honey,chicken,pasta
burgers,ground beef,mineral water,chocolate,champagne
burgers,ground beef,spaghetti,mineral water,soup,milk,french wine,honey
ham,grated cheese,pepper,pancakes,honey,light cream,bug spray,escalope
burgers,mineral water,milk,cake,chocolate,french fries,escalope,cookies,babies food,zucchini
shrimp,pasta
pancakes,light mayo
green tea
burgers,frozen vegetables,tomatoes,spaghetti,mineral water,soup,avocado,milk,olive oil,chicken,whole wheat rice,protein bar
herb & pepper,shrimp,frozen vegetables,tomatoes,avocado,chicken,eggs,pancakes
whole wheat pasta,spaghetti,meatballs,milk,almonds,eggs,french fries
vegetables mix,oil,chocolate,escalope,zucchini
herb & pepper,tomato sauce,mineral water
burgers,ham,ground beef,spaghetti,mineral water,meatballs,milk,cake,brownies
eggs
turkey,eggs,frozen smoothie
burgers,grated cheese,mineral water,milk,eggs,whole wheat rice,fresh bread,green tea
tomatoes,mineral water,olive oil,extra dark chocolate
parmesan cheese,mineral water,extra dark chocolate,toothpaste,candy bars
gluten free bar
green tea
french fries,champagne
escalope,pasta,mushroom cream sauce
chocolate,asparagus
frozen smoothie
ham,energy drink
tomatoes,chocolate,soup,pancakes
spaghetti,pancakes
turkey,honey,cake,clothes accessories,french fries,green tea
cottage cheese
frozen vegetables,mineral water,almonds,bacon,eggs,barbecue sauce
mineral water,honey,hot dogs
cookies
cookies
spaghetti,olive oil,cake,mushroom cream sauce
french fries
eggs,french fries,energy drink,light mayo,low fat yogurt
eggs
avocado,green grapes
cookies
chocolate,pancakes,rice,frozen smoothie,low fat yogurt
mineral water,chocolate,milk,salmon,pancakes,chicken
cookies
green tea
french fries,cottage cheese
herb & pepper,spaghetti,pancakes,cake
cider,cake
shrimp,frozen vegetables,spaghetti,mint
cookies
eggs,french fries
tomatoes,blueberries,mint
tomatoes
pancakes
burgers,mineral water,eggs,cookies
tomatoes,mineral water
spaghetti,eggs
avocado,almonds,french wine,honey,whole wheat rice
turkey
shrimp,spaghetti,chocolate,light mayo
shrimp,butter,fresh bread
tomatoes,soup,french fries,escalope,hand protein bar,tomato juice
frozen vegetables,ground beef,mineral water,soup,milk,salmon,pancakes
turkey,spaghetti,mineral water,milk,flax seed,chicken,eggs,cake
cookies
grated cheese,shrimp,french fries,cookies,pancakes,tomato juice
eggs,low fat yogurt
cookies
shrimp,frozen vegetables,tomatoes,spaghetti
parmesan cheese,mineral water,champagne,white wine,low fat yogurt
frozen vegetables
nonfat milk,tomato juice,green tea
frozen vegetables,cake,french fries
energy bar,cake
burgers,tomatoes,mineral water,bramble
mineral water
burgers,strong cheese,champagne,escalope
grated cheese,honey,cake,green tea
mineral water,eggs,low fat yogurt
burgers,mineral water,avocado,corn,escalope
cake,french fries
french fries
frozen vegetables,parmesan cheese,mineral water,eggplant,chocolate,frozen smoothie
mineral water,chocolate,fresh bread
cookies
tomatoes,mineral water
milk,yogurt cake,melons
olive oil,extra dark chocolate
pickles,frozen vegetables,chocolate,sparkling water,green tea
burgers,bacon,champagne,light mayo
spaghetti,chicken,eggs
low fat yogurt
champagne
burgers,ham,tomatoes,spaghetti,milk,eggs,whole wheat rice,chocolate,french fries,frozen smoothie,low fat yogurt
champagne
milk,butter,french fries,mushroom cream sauce,brownies
herb & pepper,nonfat milk,eggs,cooking oil
spaghetti
candy bars
frozen vegetables
burgers,ham,frozen vegetables,french fries,tomato juice
turkey,shrimp,eggs,light cream,cottage cheese
frozen vegetables,tomatoes,ground beef,mineral water,milk,eggs,whole weat flour,cereals,antioxydant juice,tomato juice,green tea
shrimp,butter,soda,chocolate,tomato juice
grated cheese,chocolate,escalope
french fries,mayonnaise
mineral water
chocolate,eggs,low fat yogurt
salmon,chicken,green tea
frozen vegetables,milk,fromage blanc,eggs,chocolate,french fries,champagne,salad
ground beef,mineral water,pancakes
red wine
frozen vegetables,fresh bread
mineral water
mineral water,avocado,eggs,cake,low fat yogurt
red wine,shrimp,chocolate,salmon,rice,whole weat flour,green tea
turkey,burgers,soup,olive oil,salmon,oatmeal,cottage cheese,light mayo
french fries,cookies
olive oil,rice,sparkling water
shrimp,ground beef,spaghetti,bug spray,chocolate,strawberries
tomatoes,green tea
ground beef,meatballs,salmon,cake,salt,tomato juice,fresh bread
tomatoes,ground beef,soda,frozen smoothie,mint
pepper,spaghetti,mineral water,chili,escalope,mint
frozen vegetables,parmesan cheese,oil,green beans,tea,frozen smoothie
spaghetti,whole wheat rice,french fries,cookies,green tea
shrimp,eggs,chocolate,mushroom cream sauce,low fat yogurt
cookies,green tea
ground beef,spaghetti,mineral water,soup,chicken,pancakes,champagne,fresh bread
frozen vegetables,tomatoes,mineral water,soup,milk,vegetables mix
meatballs
ground beef
grated cheese,mineral water,cooking oil
tomatoes,milk,muffins,french fries
cookies,low fat yogurt
frozen vegetables,mineral water,chocolate,whole wheat rice
grated cheese,tomatoes,spaghetti,mineral water,milk,nonfat milk,light cream,chicken,extra dark chocolate,cottage cheese,strawberries
tomatoes,fresh bread
eggs
ham,burgers,mineral water,chocolate,butter,salmon,carrots,cereals,salad
french fries
ground beef
ground beef,mushroom cream sauce
burgers,chocolate,cake,cookies,green tea
chocolate,champagne
chocolate bread,mushroom cream sauce,salt
herb & pepper,shrimp,tomatoes,ground beef,spaghetti,olive oil,cooking oil,green beans,cereals,green tea
fresh tuna,grated cheese,meatballs,whole weat flour,green tea
eggs,frozen smoothie
frozen vegetables,eggs
burgers,frozen vegetables,mineral water,soup,meatballs,olive oil,eggs,hand protein bar,mayonnaise
frozen vegetables,mineral water,chicken,salmon,eggs,pancakes,light mayo,mint
french fries
mineral water,cake,honey
tomatoes
mineral water
ground beef,spaghetti,olive oil,cookies,pasta,green tea
eggs,ham
chocolate,olive oil,pancakes,eggs
frozen vegetables,almonds,eggs,fresh bread,mint
burgers,chocolate,herb & pepper,ground beef,spaghetti,soup,milk,chicken,muffins,low fat yogurt
french fries
eggs,chocolate,french fries
frozen vegetables,tomatoes,ground beef,spaghetti,avocado,olive oil,almonds,cake,green tea
frozen vegetables,ground beef,spaghetti,yams,zucchini
butter,cake,green tea,mushroom cream sauce,mint
ground beef,spaghetti,pancakes,chicken,mint green tea,chocolate,french fries,escalope,mushroom cream sauce,brownies,yogurt cake
tomatoes,avocado,eggs,cake,energy drink
mineral water,whole wheat rice,low fat yogurt
avocado,soda
spaghetti,vegetables mix,rice,eggplant,green tea
grated cheese,red wine,milk,chicken,cider,salmon,rice,mint green tea,french fries,brownies,energy drink,melons
turkey,pancakes
mineral water,milk,almonds,bacon,eggs,rice,yogurt cake
turkey,grated cheese,shrimp,tomatoes,spaghetti,olive oil,butter,spinach,hot dogs,low fat yogurt
olive oil,french fries
soup
spaghetti,mineral water,spinach,eggs,rice,mint green tea,french fries,frozen smoothie,escalope,body spray,melons
fresh tuna,chocolate,french fries
mineral water,soup,eggs,cake,rice,cooking oil
mineral water,chocolate,olive oil,flax seed,black tea,french wine,fromage blanc,salmon,protein bar
french fries
cooking oil
tomatoes
spaghetti,yams,green grapes,eggs,french fries
mineral water,cooking oil,mint
grated cheese,frozen vegetables,mineral water,eggs,cooking oil
soup,milk,salmon
cookies
fresh bread
strawberries
muffins
chocolate
dessert wine,grated cheese,shrimp,frozen vegetables,ground beef,spaghetti,mineral water,soup,avocado,milk,salmon,whole wheat rice,gums,oil,clothes accessories,frozen smoothie
shrimp,frozen vegetables,ground beef,tomato sauce,spaghetti,mineral water,milk,chocolate,escalope
chocolate,shrimp,milk,olive oil,cider,cooking oil,hand protein bar
shrimp,mineral water,almonds,eggs,cake,blueberries,green tea,chocolate,french fries,escalope,cookies,mashed potato,brownies,pancakes
chocolate,shallot,energy drink
tomatoes,whole wheat pasta,ground beef,spaghetti,mineral water,olive oil
mineral water,soup,milk,salmon,cooking oil,ketchup,cereals,eggplant,french fries,magazines
red wine,mineral water,soup,avocado
turkey,red wine,ground beef,spaghetti,mineral water,milk,french wine,cereals,cottage cheese,yogurt cake,light mayo,tomato juice
fresh tuna,herb & pepper,frozen vegetables,tomatoes,spaghetti,mineral water,avocado,milk,olive oil,black tea,spinach,eggs,french fries,cottage cheese,pancakes
shrimp,tomatoes,spaghetti,green beans
burgers,spaghetti,avocado,pancakes,cake,fresh bread
milk
chocolate
energy bar,eggs,cottage cheese,green tea
pepper,chocolate,french fries,cookies,strawberries,babies food,fresh bread,magazines
escalope
chocolate,cake,gums,champagne,protein bar
ground beef,chocolate,mint
burgers,fresh tuna,ham,grated cheese,frozen vegetables,tomatoes,parmesan cheese,spaghetti,mineral water,chocolate,olive oil,vegetables mix,nonfat milk,muffins,pancakes,cake,french fries,protein bar
fresh tuna,mineral water,cider,eggs,brownies,low fat yogurt
french fries,cookies
chocolate,frozen vegetables,mineral water,cake,french fries,cottage cheese,brownies,pancakes
burgers,tomatoes,mineral water,eggs,light cream,oil,french fries
spaghetti,french fries
mineral water,escalope
ground beef
chocolate,spaghetti,mineral water
frozen vegetables,tomatoes,mineral water,soup,milk,salmon,vegetables mix,honey,mint green tea,champagne,escalope,tomato juice
grated cheese,ground beef,whole wheat rice,french fries,escalope
frozen vegetables,tomatoes,ground beef,mineral water,milk,energy bar,pancakes,honey,whole weat flour,french fries
chocolate,fresh bread
spaghetti,soup,cake,pet food,hot dogs,body spray,strawberries,fresh bread
olive oil,salad
mineral water,olive oil
ground beef,spaghetti,mineral water,chocolate,escalope
burgers,whole wheat pasta,mineral water,milk,pancakes
salmon
herb & pepper,mineral water,chocolate,eggs,cereals,escalope
ground beef,mineral water,milk
eggs,whole wheat rice,chocolate
cookies,yogurt cake
whole weat flour,green tea,pancakes,melons
herb & pepper,mint
salmon,vegetables mix
chocolate,yogurt cake
pancakes
muffins,chicken,fresh bread,white wine
muffins,blueberries,pet food,green tea,toothpaste
chocolate,olive oil,whole wheat rice,cake,green beans,frozen smoothie,cottage cheese
burgers
fresh tuna,frozen vegetables,strong cheese,cottage cheese,tomato juice,low fat yogurt
shrimp,tomatoes,spaghetti,mineral water,chocolate,chicken,pancakes,burger sauce,frozen smoothie,hand protein bar,fresh bread
mushroom cream sauce
chocolate,cooking oil
mineral water,chocolate,frozen smoothie
french wine,low fat yogurt
tomato juice
chili,french fries,green tea
cake,french fries
pepper,eggs
muffins,french fries,frozen smoothie
tomato sauce
shrimp,tomatoes,soup,clothes accessories,green tea
honey,french fries,escalope
tomatoes,ground beef,chicken,green tea,escalope
champagne,body spray
muffins,french fries,escalope,hot dogs
mint
herb & pepper,frozen vegetables,salmon,carrots,chocolate,french fries
cookies
cereals,pancakes,yogurt cake
olive oil
green tea
whole wheat pasta,spaghetti,milk
mineral water,mint
ground beef,pancakes
grated cheese,tomatoes,spaghetti,mineral water,milk,ketchup,carrots,french fries,protein bar
burgers,grated cheese,shrimp,whole wheat pasta,olive oil,french fries,frozen smoothie,protein bar
chocolate,honey
muffins,chocolate
whole wheat pasta,ground beef,mineral water,avocado,milk,olive oil,chicken,gums,frozen smoothie
escalope,green tea
grated cheese,whole wheat pasta,mineral water,avocado,olive oil,frozen smoothie,light mayo
muffins,french fries,yogurt cake
soup,milk,brownies
burgers,avocado,french fries
eggs,burger sauce,escalope
spaghetti,pancakes,french fries
spaghetti,cake
ground beef,green beans,french fries,green tea
spaghetti,mineral water,chocolate,milk,chicken,burger sauce,antioxydant juice,frozen smoothie,magazines
cake,hot dogs
spaghetti,whole wheat rice,french fries
spaghetti,salmon,cake,energy drink
shrimp,frozen vegetables,mineral water,pancakes,cake,chocolate,hot dogs
honey
shrimp,whole wheat pasta,pepper,spaghetti,flax seed,black tea,oil,carrots,green tea,chocolate,french fries,escalope,salt,babies food,magazines
mineral water
pancakes,mint
shrimp,spaghetti,vegetables mix,rice,cookies,hot dogs
spaghetti,milk,frozen smoothie,green tea
ground beef,vegetables mix,honey,tomato juice
burgers,chocolate,tomatoes,whole wheat pasta,spaghetti,avocado,milk,salmon,vegetables mix,whole wheat rice,gums,ketchup,corn,french fries,cookies,sparkling water
tomatoes,burger sauce,chocolate,green tea
frozen vegetables,whole wheat pasta,milk,pancakes,whole wheat rice,french fries,light mayo
grated cheese,spaghetti,olive oil
mineral water,milk,chicken,oil,carrots,cereals,champagne,cottage cheese,pancakes,energy drink,white wine
barbecue sauce,french fries,frozen smoothie
shrimp,honey,ketchup,frozen smoothie,escalope,hot dogs,sparkling water,green tea
mineral water,cooking oil,chocolate
ground beef,soup,avocado,olive oil,cake,chocolate bread,green tea,french fries,frozen smoothie,low fat yogurt
shrimp,frozen vegetables,spaghetti
butter
french fries
frozen vegetables,escalope
green tea
escalope
herb & pepper,parmesan cheese,frozen smoothie
tomatoes,chicken
ground beef,pepper,spaghetti,milk,vegetables mix,burger sauce,green beans,french fries,hot dogs,fresh bread
chocolate,herb & pepper,shrimp,mineral water,chicken,pancakes,eggs,cookies,fresh bread,green tea
chocolate
light cream
tomatoes,pancakes
mineral water,cake,frozen smoothie,cookies,yogurt cake
turkey,mineral water,chocolate,yogurt cake,light mayo
cookies
mineral water,chicken,oil,chocolate,frozen smoothie,mint
cookies
meatballs,yogurt cake
cooking oil
mineral water
cookies,pasta
hot dogs
ground beef,pepper,olive oil,butter,green grapes,cooking oil
burgers,shrimp,spaghetti,avocado,milk,olive oil,french wine,chutney,honey,gums,cereals,chocolate,melons,hand protein bar,zucchini
whole wheat rice
spaghetti,avocado,brownies
fresh tuna,spaghetti,mineral water,salmon
pancakes,cereals,chocolate
burgers,tomatoes,pepper,corn,cereals,escalope,low fat yogurt
ground beef,milk,frozen smoothie
spaghetti,milk
shrimp,mineral water,energy drink,salt,magazines
grated cheese,spinach,french fries
spaghetti,mineral water,milk,corn
chocolate,grated cheese,herb & pepper,whole wheat pasta,almonds,oatmeal,green tea
tomatoes,cooking oil
whole wheat pasta,strawberries,melons,low fat yogurt
mineral water,energy drink
chocolate,cookies,green tea
grated cheese,pepper,cake,bramble,chocolate
mineral water,french fries
grated cheese,frozen vegetables,whole wheat pasta,mineral water,milk,honey,oil
cereals,pancakes
pickles,shrimp,milk,cake,french fries,brownies,green tea
whole wheat rice,cooking oil,cottage cheese,zucchini
whole wheat pasta,avocado,olive oil,chocolate,french fries,frozen smoothie,champagne
fresh tuna,mineral water,pancakes,cake,oil,extra dark chocolate,strawberries,gluten free bar
cake,cookies,green tea
burgers,cake
mineral water,milk,cider,gums,extra dark chocolate,french fries,body spray,pancakes,energy drink
escalope
mineral water,whole wheat rice
burgers,ground beef,honey,blueberries,gums,french fries,fresh bread
french fries,pancakes,gluten free bar
fresh tuna,mineral water,avocado,fromage blanc,chocolate,french fries,frozen smoothie,pancakes
escalope,cookies
burgers,chocolate,spaghetti,mineral water,milk,chicken,whole wheat rice,french fries
burgers,ground beef,spaghetti,avocado,milk,olive oil,almonds,pancakes,honey,cake,chocolate,frozen smoothie,sparkling water
burgers,eggs,champagne
grated cheese
ground beef,milk,energy bar,pancakes,honey,cereals
shrimp,mineral water,extra dark chocolate,green tea
spaghetti
mineral water,french fries
milk,muffins,honey,whole weat flour,green tea
butter,bacon,eggs,carrots,french fries,tomato juice,green tea
shrimp,frozen vegetables,tomatoes,spaghetti,eggs,champagne,frozen smoothie
shrimp,tomatoes,mineral water,chocolate
mineral water,meatballs,olive oil,muffins,whole wheat rice,yogurt cake,light mayo,salt
cookies
eggs,chicken,whole weat flour,strawberries,low fat yogurt
burgers,eggs,french fries
nonfat milk,escalope
spaghetti,mineral water,extra dark chocolate,green tea,zucchini
eggs,french fries
frozen vegetables,spaghetti,mineral water,salmon,cake,body spray
meatballs,french wine
cake,french fries
cider,frozen smoothie
eggs,whole weat flour,eggplant,strawberries,low fat yogurt
turkey,pepper,light mayo,protein bar
turkey,tomatoes,low fat yogurt
flax seed,cake,green tea,french fries,mushroom cream sauce,hot dogs,cottage cheese,brownies
eggs,cookies
turkey,mineral water,whole wheat rice,body spray,energy drink,green tea
eggs,escalope
eggs,honey,salt,green tea
spaghetti,mineral water,french fries,pancakes
green tea
tomatoes,spaghetti,mineral water,milk,energy bar,spinach,eggs,frozen smoothie
shrimp,tomatoes
light cream,chocolate,pancakes,yogurt cake
turkey,eggs
french fries
french fries
ground beef
grated cheese,mineral water,eggs,extra dark chocolate,yogurt cake,mayonnaise,low fat yogurt
salmon,eggs,cake
frozen vegetables,spaghetti,mineral water,vegetables mix
shrimp,mineral water,olive oil,eggs,cake
turkey,herb & pepper,spaghetti,eggs
spaghetti,mineral water,eggs,burger sauce,cooking oil,french fries,brownies
whole weat flour,cereals,honey
turkey,burgers,spaghetti,pancakes,ketchup,eggplant,french fries,cottage cheese,green tea
grated cheese,herb & pepper,spaghetti,french wine,chicken,eggs,whole wheat rice,fresh bread
burgers,fresh tuna,pickles,vegetables mix,hot dogs,cottage cheese,brownies,green tea
tomatoes,french fries
escalope,cookies
energy bar
dessert wine,mineral water,milk
turkey,pepper,black tea,honey,cake,bug spray,pancakes,low fat yogurt,green tea
whole wheat pasta,pepper,olive oil,whole wheat rice,rice,pasta,white wine
soup,french fries
burgers,mineral water,escalope
pepper,mineral water,soup,milk,french wine,pancakes,chocolate,asparagus
french fries
french fries,escalope
chocolate,shrimp,milk,butter,black tea,eggs,cooking oil,barbecue sauce,green tea,cauliflower,toothpaste
chicken
chocolate,frozen smoothie
pancakes
chicken,honey,whole weat flour,cereals,green tea,energy drink
mineral water,french fries,cookies,shallot,low fat yogurt
mineral water,pancakes,eggs,whole wheat rice,yogurt cake,green tea
frozen smoothie
pepper,cider
frozen vegetables,spaghetti,milk,bacon,barbecue sauce,low fat yogurt
frozen vegetables,parmesan cheese,spaghetti,escalope,sparkling water
cake
red wine,gums,pet food
turkey
frozen vegetables,spaghetti,mineral water,soup,green grapes,eggs,cooking oil,oatmeal
chocolate
eggs,champagne
frozen vegetables,spaghetti
grated cheese,herb & pepper,ground beef,mineral water,rice,cooking oil,oatmeal,chocolate
mineral water
red wine,eggs
turkey,spinach
burgers,herb & pepper,shrimp,whole weat flour,green tea
spaghetti,escalope
fresh tuna,pepper,spaghetti,whole wheat rice,cooking oil
escalope
tomatoes,french fries,body spray,yogurt cake
rice,burger sauce,french fries,frozen smoothie,sandwich,fresh bread
tomatoes,soup,green grapes,whole weat flour
grated cheese,avocado,french fries,green tea
turkey,burgers,spaghetti,french wine,eggs
eggs,mashed potato
burgers,ham,spaghetti,soup,almonds,pancakes,eggs,cake,cereals,chocolate,french fries,low fat yogurt,green tea
frozen vegetables,chicken,pancakes
chocolate,red wine,spaghetti
mineral water,milk
fresh tuna
french fries
chocolate,red wine,spaghetti
cookies
tomatoes,cake
frozen vegetables,tomatoes,mineral water,chicken,green grapes,eggs,chocolate,brownies,fresh bread,white wine
pancakes,eggs
ham,grated cheese,frozen vegetables,mineral water,soup,eggs,cereals,chocolate,french fries
shrimp,babies food
burgers,shrimp,tomatoes,ground beef,tomato sauce,spaghetti,soup,milk,black tea,cereals,green tea
eggs,tea
eggs,low fat yogurt
ham,frozen vegetables,energy bar,whole weat flour,green tea
ground beef,tomato sauce,salmon,chocolate,green tea
frozen vegetables,soda,chocolate
shrimp,frozen vegetables,tomatoes,whole wheat pasta,chocolate,french fries,mushroom cream sauce
mineral water,energy bar,vegetables mix,green grapes
cooking oil,fresh bread
red wine,mineral water,muffins,pancakes,honey,cake,cooking oil,whole weat flour,french fries,frozen smoothie,mushroom cream sauce,hot dogs,sparkling water,green tea
avocado,eggs,chocolate,energy drink
herb & pepper,olive oil,fresh bread
spaghetti,energy bar,pancakes,whole wheat rice,cake,french fries,low fat yogurt
frozen vegetables,spaghetti,mineral water,barbecue sauce,chocolate
chocolate,herb & pepper,shrimp,frozen vegetables,tomatoes,ground beef,spaghetti,mineral water,eggs
whole wheat rice,frozen smoothie,low fat yogurt,green tea
burgers,red wine,mineral water,cake,green tea
red wine,mineral water,soup,eggs,pet food,tomato juice,fresh bread
grated cheese,ground beef,pepper,spaghetti,milk,pancakes
burgers,shrimp,frozen vegetables,tomatoes,light cream,extra dark chocolate
french fries
whole weat flour,french fries,brownies
cake,mint green tea
spaghetti,mineral water,cake,light cream,cooking oil,eggplant,cottage cheese,pancakes
ground beef,mineral water,milk,oatmeal,chocolate,french fries,escalope,yogurt cake,tomato juice
olive oil,cake,eggplant,french fries,brownies,salt,fresh bread
mineral water,french wine,green tea
mineral water,olive oil,strong cheese,pancakes,clothes accessories,french fries,strawberries
spaghetti,olive oil
grated cheese,ground beef,almonds,salmon,spinach,barbecue sauce,chocolate,frozen smoothie,fresh bread,green tea
tomatoes,pepper,mineral water
escalope
spaghetti
mineral water,soup,milk,olive oil,green beans,french fries,green tea
cake,french fries
burgers,whole wheat rice,ham,eggplant
burgers,dessert wine,strong cheese,french fries
hot dogs
avocado
grated cheese,red wine,tomato sauce,milk,french wine,whole wheat rice,whole weat flour,french fries
turkey,burgers,frozen vegetables,mineral water,nonfat milk,champagne,strawberries,low fat yogurt
chocolate
spaghetti,honey,cooking oil,cookies,mashed potato
dessert wine,eggs,french fries
turkey,burgers,french wine,french fries,green tea
mineral water,soup,meatballs,energy bar,cottage cheese,brownies,shampoo
turkey,chocolate,whole wheat rice,oil
ground beef,chocolate,escalope
french fries
chocolate,milk,olive oil
cereals,chocolate,champagne,green tea
strawberries
whole wheat pasta,ground beef,mineral water,olive oil,green tea
spaghetti
milk,eggs
frozen vegetables,spaghetti,mineral water,frozen smoothie,cottage cheese,green tea
mineral water
soup,cookies,brownies,light mayo
mineral water,chocolate,french wine,champagne
chocolate
french fries,pancakes,yogurt cake
burgers,fresh tuna,shrimp,spaghetti,chocolate,french wine,chutney,pancakes,eggs,whole wheat rice,cooking oil,french fries,light mayo
oil,frozen smoothie
red wine,mineral water,olive oil
pepper,milk,salmon
grated cheese,cereals
tomatoes,milk,almonds,salmon,pancakes,carrots,salad,fresh bread
grated cheese,herb & pepper,ground beef,soup,almonds,french fries,cookies
shrimp,tomatoes
milk,cake
turkey,spaghetti,milk,energy bar,french wine,eggs,eggplant,french fries,cookies,green tea
turkey,fresh tuna,tomatoes,pancakes
whole wheat rice
ground beef,tomato sauce,spaghetti,milk,hot dogs,brownies,green tea
salt,fresh bread
milk,green tea
burgers,tomatoes,spaghetti,milk,barbecue sauce,frozen smoothie,green tea
chocolate bread,yogurt cake
whole wheat rice,cake,rice
shrimp,frozen vegetables,mineral water,meatballs,energy bar,french fries,green tea
chicken,muffins,honey,yogurt cake
energy bar,black tea,eggs,chicken,champagne,light mayo
soup,olive oil,light mayo,zucchini,green tea
muffins,gluten free bar
french wine,french fries
protein bar,tomato juice
chocolate,french fries,escalope,shampoo
french fries,energy drink
tomatoes,spaghetti,olive oil,oil
mineral water,meatballs,milk
brownies
burgers,spaghetti,avocado,green beans
energy bar,eggs
muffins,green grapes,hot dogs
chocolate,almonds,champagne,frozen smoothie
energy bar,brownies
turkey,frozen vegetables,avocado,eggs,whole wheat rice,melons,zucchini
protein bar
burgers,shrimp,tomatoes,mineral water,soup,pancakes,cooking oil,low fat yogurt
chocolate,spaghetti,mineral water,chicken,tomato juice
milk,escalope,shallot,strawberries
mineral water,milk,oil,chocolate,escalope,hot dogs,yogurt cake
milk,chocolate
olive oil
mineral water,milk,french wine,eggs,chocolate
mineral water,honey
shrimp,light cream,rice,cooking oil,chicken,extra dark chocolate,french fries
grated cheese,spaghetti,mineral water,eggplant,green tea,energy drink,light mayo
energy bar
butter,tomato juice,magazines,low fat yogurt
herb & pepper,mineral water,salmon,whole weat flour,light mayo,salt,shampoo,candy bars
spaghetti
mineral water,milk,eggs,chocolate
turkey,shrimp,frozen vegetables,spaghetti,mineral water,toothpaste
milk,eggs,cake,french fries
cookies
cookies
spaghetti,milk,olive oil,low fat yogurt
turkey,burgers,spaghetti,whole wheat rice,light cream,chocolate,light mayo
cookies
grated cheese,tomato sauce,spaghetti,fromage blanc,body spray
pancakes,energy drink
shrimp,frozen vegetables,frozen smoothie
cider,eggs,whole wheat rice,french fries
mineral water,energy bar,chocolate,body spray,low fat yogurt
mineral water,cake
mineral water,cake
tomato juice
herb & pepper,shrimp,ground beef,mineral water,eggs,cake,green tea,melons
ham,herb & pepper,ground beef,chocolate,light cream,frozen smoothie,champagne,fresh bread
herb & pepper,spaghetti,mineral water,eggs
tomatoes,mineral water,milk
spaghetti,eggs
red wine,milk,eggs,chocolate bread,salt,white wine
eggs,yogurt cake
mint green tea
cookies
grated cheese,eggs,french fries
grated cheese,energy bar,light cream,cooking oil,escalope
frozen vegetables,whole wheat pasta,ground beef,mineral water,milk,chicken,eggs,chocolate,french fries
mineral water,cereals,chocolate,fresh bread
energy bar,fromage blanc
tomatoes,eggs,chicken,chocolate bread,low fat yogurt
tomatoes,ground beef,spaghetti,mineral water,milk
turkey,burgers,ham,tomatoes,milk,eggs,chocolate,french fries,low fat yogurt
burgers,tomatoes,chocolate
cottage cheese
chocolate
herb & pepper,ground beef,spaghetti,olive oil
pancakes,salt,tomato juice
oil,cooking oil,chocolate,mushroom cream sauce,brownies
ham,frozen vegetables,tomatoes,spaghetti,chocolate,cake
fromage blanc,eggs,french fries
burgers,grated cheese,cider,salmon,cake
shrimp,soup
salmon
burgers,eggs,green tea
cake,toothpaste
grated cheese,red wine
whole wheat pasta,spaghetti,mineral water,olive oil
mineral water,milk,olive oil,chicken
fresh tuna,eggs
yams,fromage blanc,salmon,chocolate,frozen smoothie,light mayo
yams
eggs,cookies
mineral water,meatballs,pancakes
mineral water
burgers,grated cheese,whole wheat pasta,spaghetti,mineral water,eggs,whole wheat rice,blueberries,cooking oil,whole weat flour,hand protein bar
honey,light cream,oil,chicken,green tea,chocolate,hot dogs
eggs,chocolate
chocolate
spaghetti,french fries,escalope,green tea
turkey,eggs,fresh bread
turkey,eggs,bug spray,cookies,low fat yogurt
turkey,chocolate,eggs,gums,champagne,green tea
eggs,cake,french fries
burgers,green tea,chocolate
whole wheat rice,chocolate,escalope
butter,cooking oil,chocolate,french fries
tomatoes,milk
mineral water,green tea
fromage blanc
red wine,ground beef,spaghetti,mineral water,eggs,soda,cooking oil,zucchini
herb & pepper,ground beef,tomato sauce,soup,eggs,escalope
mineral water,whole wheat rice,escalope
red wine,shrimp,spaghetti,mineral water,soup,milk,champagne
rice,frozen smoothie
frozen vegetables,chocolate,whole wheat rice
mineral water,chocolate
burgers
eggs,french fries,energy drink
almonds,eggs,cookies
eggs,frozen smoothie,cottage cheese,low fat yogurt
burgers
cake,frozen smoothie
eggs,french fries
grated cheese,herb & pepper,mineral water,flax seed,pancakes,frozen smoothie,sandwich,hot dogs,brownies
spaghetti,butter,eggs,cake,chocolate,french fries
pancakes,french fries
fresh tuna,herb & pepper,shrimp,frozen vegetables,chicken,chocolate,low fat yogurt
french fries,cookies
yogurt cake
grated cheese
spaghetti
pepper,mineral water,chocolate,nonfat milk
frozen vegetables,eggs,chocolate
tomatoes,mineral water,soup,olive oil,bug spray
burgers,red wine,frozen vegetables,chicken,frozen smoothie
eggs
red wine,ground beef,spaghetti,blueberries
shrimp,frozen vegetables,tomatoes,cake,green tea,pancakes
mineral water,milk,spinach,whole wheat rice,fresh bread
ground beef,spaghetti
strawberries
barbecue sauce
burgers,grated cheese,french fries
vegetables mix,nonfat milk,pancakes
burgers,shrimp,spaghetti,milk,french wine,cake,green beans,french fries
cider,eggs
burgers,eggs,french fries
tomato sauce,mineral water
frozen vegetables,spaghetti
turkey,ham,red wine,shrimp,mineral water,chicken,pancakes,cake,white wine
pancakes,cooking oil,chocolate
burgers,spaghetti
shrimp,frozen vegetables,spaghetti,mineral water,milk,strong cheese
tomatoes,ground beef,meatballs,salmon,eggs,champagne,frozen smoothie,low fat yogurt,mint
pepper,milk,light cream,chicken,chocolate,frozen smoothie,mushroom cream sauce
